Mon Jul 9 10:07:53,967029559996231079
Mon Jul 9 10:07:58,967029559996231079
Mon Jul 9 10:08:03,967029559996231079
Mon Jul 9 10:08:08,967029559996231079
Mon Jul 9 10:08:13,967029559996231079
Mon Jul 9 10:08:18,967029559996231079
Mon Jul 9 10:08:23,967029559996231079
Mon Jul 9 10:08:28,967002651996230979
Mon Jul 9 10:08:33,967002651996230979
Mon Jul 9 10:08:38,967002651996230979
Mon Jul 9 10:08:43,967002651996230979
Mon Jul 9 10:08:48,967002651996230979
Mon Jul 9 10:08:53,967002651996230979
Mon Jul 9 10:08:58,967002651996230979
Mon Jul 9 10:09:03,967002651996230979
Mon Jul 9 10:09:08,967002651996230979
Mon Jul 9 10:09:13,967002651996230979
Mon Jul 9 10:09:18,967002651996230979
Mon Jul 9 10:09:23,967002651996230979
Mon Jul 9 10:09:28,967002651996230979
Mon Jul 9 10:09:33,967002651996230979
Mon Jul 9 10:09:38,967002651996230979
Mon Jul 9 10:09:43,967002651996230979
Mon Jul 9 10:09:48,967002651996230979
Mon Jul 9 10:09:53,967002651996230979
Mon Jul 9 10:09:59,966975743996230879
Mon Jul 9 10:10:04,966975743996230879
Mon Jul 9 10:10:09,966975743996230879
Mon Jul 9 10:10:14,966975743996230879
Mon Jul 9 10:10:19,966975743996230879
Mon Jul 9 10:10:24,966975743996230879
Mon Jul 9 10:10:29,966975743996230879
Mon Jul 9 10:10:34,966975743996230879
Mon Jul 9 10:10:39,966975743996230879
Mon Jul 9 10:10:44,966975743996230879
Mon Jul 9 10:10:49,966975743996230879
Mon Jul 9 10:10:54,966975743996230879
Mon Jul 9 10:10:59,966975743996230879
Mon Jul 9 10:11:04,966975743996230879
